{"cameraMode":{"drawMode":0,"name":"Shaded","section":"Shading Mode"},"sceneLighting":true,"audioPlay":false,"sceneViewState":{"showFog":true,"showMaterialUpdate":false,"showSkybox":true,"showFlares":true,"showImageEffects":true,"showParticleSystems":true},"in2DMode":false,"pivot":{"x":-1.9692320823669434,"y":0.17675578594207765,"z":0.6618585586547852},"rotation":{"x":-0.0939088836312294,"y":0.6513403058052063,"z":-0.08171810209751129,"w":-0.7485052347183228},"size":6.183314800262451,"orthographic":false}