{"cameraMode":{"drawMode":0,"name":"Shaded","section":"Shading Mode"},"sceneLighting":true,"audioPlay":false,"sceneViewState":{"showFog":true,"showMaterialUpdate":false,"showSkybox":true,"showFlares":true,"showImageEffects":true,"showParticleSystems":true},"in2DMode":false,"pivot":{"x":-1.9053030014038087,"y":4.930756568908691,"z":4.0363078117370609},"rotation":{"x":-0.11960259079933167,"y":0.7077687978744507,"z":-0.12354126572608948,"w":-0.6852006316184998},"size":13.487627983093262,"orthographic":false}