{"cameraMode":{"drawMode":0,"name":"Shaded","section":"Shading Mode"},"sceneLighting":true,"audioPlay":false,"sceneViewState":{"showFog":true,"showMaterialUpdate":false,"showSkybox":true,"showFlares":true,"showImageEffects":true,"showParticleSystems":true},"in2DMode":false,"pivot":{"x":7.154421806335449,"y":3.55001163482666,"z":-1.8322925567626954},"rotation":{"x":-0.08199533820152283,"y":0.7325312495231628,"z":-0.08967279642820358,"w":-0.6698043942451477},"size":31.693828582763673,"orthographic":false}