{"cameraMode":{"drawMode":0,"name":"Shaded","section":"Shading Mode"},"sceneLighting":true,"audioPlay":false,"sceneViewState":{"showFog":true,"showMaterialUpdate":false,"showSkybox":true,"showFlares":true,"showImageEffects":true,"showParticleSystems":true},"in2DMode":false,"pivot":{"x":1.0429518222808838,"y":1.6348676681518555,"z":2.35831356048584},"rotation":{"x":-0.07518517225980759,"y":0.6351051330566406,"z":-0.06231777369976044,"w":-0.7662302851676941},"size":45.77934265136719,"orthographic":false}