{"cameraMode":{"drawMode":0,"name":"Shaded","section":"Shading Mode"},"sceneLighting":true,"audioPlay":false,"sceneViewState":{"showFog":true,"showMaterialUpdate":false,"showSkybox":true,"showFlares":true,"showImageEffects":true,"showParticleSystems":true},"in2DMode":false,"pivot":{"x":-1.2049388885498047,"y":4.901705741882324,"z":18.436155319213868},"rotation":{"x":-0.1490984410047531,"y":0.5030463933944702,"z":-0.08858432620763779,"w":-0.8466820120811462},"size":56.04378128051758,"orthographic":false}