{"cameraMode":{"drawMode":0,"name":"Shaded","section":"Shading Mode"},"sceneLighting":false,"audioPlay":false,"sceneViewState":{"showFog":true,"showMaterialUpdate":false,"showSkybox":false,"showFlares":true,"showImageEffects":true,"showParticleSystems":true},"in2DMode":false,"pivot":{"x":161.92774963378907,"y":147.14463806152345,"z":172.92945861816407},"rotation":{"x":-0.1919325888156891,"y":0.7679005861282349,"z":-0.26845043897628786,"w":-0.5490217804908752},"size":0.22859233617782594,"orthographic":false}